id,store_location,product_name,reviewer_name,rating,review_text,source,sentiment,timestamp
1,"Pragathi Nagar - Kukatpally, Hyderabad",Organic Fruits & Vegetables,Justdial User 1,5,Excellent store with a wide range of organic products. Fresh vegetables and fruits are top quality and reasonably priced. Staff is very knowledgeable about organic products.,Justdial,positive,2026-04-08T21:25:07
2,"Pragathi Nagar - Kukatpally, Hyderabad",Chemical-Free Groceries,Justdial User 2,5,"Best organic store in Kukatpally area. Love that they stock over 3,000 chemical-free products. Especially appreciate the dairy and egg section.",Justdial,positive,2026-04-08T21:25:07
3,"Pragathi Nagar - Kukatpally, Hyderabad",Organic Dairy Products,Justdial User 3,5,First TOW store in Hyderabad and they've nailed it. Great selection of Akshayakalpa dairy and Pro Nature products. Happy they finally came to Hyderabad!,Justdial,positive,2026-04-08T21:25:07
4,"Pragathi Nagar - Kukatpally, Hyderabad",Natural Personal Care,Justdial User 4,5,"Very happy with the personal care range — paraben-free, sulfate-free products. The Soul Tree and Wild Ideas range is brilliant. Delivery is also fast and reliable.",Justdial,positive,2026-04-08T21:25:07
5,"Pragathi Nagar - Kukatpally, Hyderabad",Organic Millets & Grains,Justdial User 5,4,"Good variety of millets and organic grains. Black rice, flax seeds, and quinoa are always in stock. Slightly expensive but worth every rupee for the quality.",Justdial,positive,2026-04-08T21:25:07
6,"Spring Valley Road, New Hafeezpet, Hyderabad",Eco-Friendly Home Care,Justdial User 6,5,Superb store at Hafeezpet. Stocked with everything organic. The Osh plant-based home care range is a great find — biodegradable and very effective.,Justdial,positive,2026-04-08T21:25:07
7,"Spring Valley Road, New Hafeezpet, Hyderabad",Organic Snacks,Justdial User 7,5,Perfect neighbourhood organic store. Trans-fat-free snacks and Yoga Bar products are great for kids. Staff is very helpful and always guides you to the right product.,Justdial,positive,2026-04-08T21:25:07
8,"Kokapet (Narsingi), Hyderabad - 500007",Organic Vegetables,Justdial User 8,5,"Great store in Kokapet. Organic certified vegetables are always fresh. Dragon fruit and avocados available regularly, which is rare. Will keep shopping here.",Justdial,positive,2026-04-08T21:25:07
9,"Kokapet (Narsingi), Hyderabad - 500007",Chemical-Free Baby Care,Justdial User 9,5,The baby care section is amazing — everything chemical-free. I specifically come here for my toddler's needs. Trust this store completely.,Justdial,positive,2026-04-08T21:25:07
10,"Kokapet (Narsingi), Hyderabad - 500007",Organic Spices,Justdial User 10,4,"Good range of organic spices — turmeric, peppercorns, cardamom. Packaging could be better but quality is unmatched. Overall 4/5 from me.",Justdial,positive,2026-04-08T21:25:07
11,"Bashirabad - Jeedimetla, Hyderabad",Organic Grocery Bundle,Justdial User 11,5,"Recently opened in our area and already our go-to store. Over 3,000 products to choose from. Love that unsold vegetables go to farms as cow fodder — zero waste!",Justdial,positive,2026-04-08T21:25:07
12,"Bashirabad - Jeedimetla, Hyderabad",Natural Beauty Products,Justdial User 12,5,Incredible selection of cruelty-free lipsticks and natural soaps. The bamboo toothbrushes are great value. Finally an organic store in our locality!,Justdial,positive,2026-04-08T21:25:07
13,"Nallagandla - Tellapur Road, Serilingampally, Hyderabad - 500019",Organic Fruits,Justdial User 13,5,Newest TOW store at Nallagandla and it's fantastic. Located conveniently beside Livspace opposite ICICI Bank. Freshest organic produce I have found in West Hyderabad.,Justdial,positive,2026-04-08T21:25:07
14,"Multiple Stores, Hyderabad",Two-Hour Delivery Service,The Hindu Business Line Reader,4,TOW's two-hour delivery service in Hyderabad is impressive. Ordered organic vegetables and they arrived fresh. App is easy to use; payment was seamless.,Press/News,positive,2026-04-08T21:25:07
15,"Multiple Stores, Hyderabad",Organic World App - Hyderabad,Google Play Reviewer,4,App works well for Hyderabad orders. Order before 9 PM and get guaranteed next-day delivery. Returns policy is hassle-free. Highly recommend.,Google Play Store,positive,2026-04-08T21:25:07
16,"Multiple Stores, Hyderabad",Organic India Brand Products,Retail Observer,5,"The range of curated brands at TOW Hyderabad is unmatched — Organic India, Dhatu Organics, Native Circle, Nutty Yogi and more. 25 harmful chemicals are banned from their shelves. Real commitment to health.",News/Press Release,positive,2026-04-08T21:25:07
